timestamp;marker_id;detected;center_x_px;center_y_px;offset_x_px;offset_y_px;offset_x_norm;offset_y_norm;distance_m;tvec_x;tvec_y;tvec_z;roll_deg;pitch_deg;yaw_deg;fps
0.544;72;0;;;;;;;;;;;;;;0.0
0.57;72;0;;;;;;;;;;;;;;38.4
0.586;72;0;;;;;;;;;;;;;;69.8
0.594;72;0;;;;;;;;;;;;;;93.5
0.611;72;0;;;;;;;;;;;;;;110.3
0.642;72;0;;;;;;;;;;;;;;129.9
0.673;72;0;;;;;;;;;;;;;;143.8
0.721;72;0;;;;;;;;;;;;;;156.4
0.754;72;0;;;;;;;;;;;;;;166.2
0.785;72;0;;;;;;;;;;;;;;172.2
0.816;72;0;;;;;;;;;;;;;;182.0
0.849;72;0;;;;;;;;;;;;;;191.5
0.881;72;0;;;;;;;;;;;;;;198.4
0.913;72;0;;;;;;;;;;;;;;206.5
0.945;72;0;;;;;;;;;;;;;;214.7
0.977;72;0;;;;;;;;;;;;;;222.8
1.009;72;0;;;;;;;;;;;;;;227.9
1.041;72;0;;;;;;;;;;;;;;234.5
1.073;72;0;;;;;;;;;;;;;;239.1
1.104;72;0;;;;;;;;;;;;;;244.3
1.136;72;0;;;;;;;;;;;;;;251.4
1.168;72;0;;;;;;;;;;;;;;257.9
1.2;72;0;;;;;;;;;;;;;;263.7
1.232;72;0;;;;;;;;;;;;;;269.7
1.264;72;0;;;;;;;;;;;;;;275.4
1.344;72;0;;;;;;;;;;;;;;280.0
1.356;72;0;;;;;;;;;;;;;;285.5
1.376;72;0;;;;;;;;;;;;;;290.8
1.408;72;0;;;;;;;;;;;;;;294.3
1.44;72;0;;;;;;;;;;;;;;299.9
1.472;72;0;;;;;;;;;;;;;;305.5
1.504;72;0;;;;;;;;;;;;;;405.3
1.537;72;0;;;;;;;;;;;;;;408.7
1.568;72;0;;;;;;;;;;;;;;415.0
1.6;72;0;;;;;;;;;;;;;;430.5
1.632;72;0;;;;;;;;;;;;;;434.2
1.664;72;0;;;;;;;;;;;;;;441.7
1.728;72;0;;;;;;;;;;;;;;447.8
1.761;72;0;;;;;;;;;;;;;;457.0
1.792;72;0;;;;;;;;;;;;;;465.9
1.824;72;0;;;;;;;;;;;;;;471.3
1.873;72;0;;;;;;;;;;;;;;478.7
1.904;72;0;;;;;;;;;;;;;;486.7
1.917;72;0;;;;;;;;;;;;;;493.7
1.936;72;0;;;;;;;;;;;;;;496.3
1.968;72;0;;;;;;;;;;;;;;501.4
2.0;72;0;;;;;;;;;;;;;;512.7
2.032;72;0;;;;;;;;;;;;;;515.5
2.064;72;0;;;;;;;;;;;;;;525.6
2.128;72;0;;;;;;;;;;;;;;531.7
2.16;72;0;;;;;;;;;;;;;;533.0
2.193;72;0;;;;;;;;;;;;;;535.3
2.225;72;0;;;;;;;;;;;;;;532.7
2.256;72;0;;;;;;;;;;;;;;528.9
2.288;72;0;;;;;;;;;;;;;;527.6
2.32;72;0;;;;;;;;;;;;;;531.2
2.352;72;0;;;;;;;;;;;;;;530.7
2.386;72;0;;;;;;;;;;;;;;532.7
2.433;72;0;;;;;;;;;;;;;;529.9
2.464;72;0;;;;;;;;;;;;;;518.1
2.482;72;0;;;;;;;;;;;;;;515.3
2.528;72;0;;;;;;;;;;;;;;510.1
2.56;72;0;;;;;;;;;;;;;;509.5
2.592;72;0;;;;;;;;;;;;;;515.8
2.625;72;0;;;;;;;;;;;;;;511.6
2.656;72;0;;;;;;;;;;;;;;506.1
2.689;72;0;;;;;;;;;;;;;;506.3
2.721;72;0;;;;;;;;;;;;;;505.2
2.753;72;0;;;;;;;;;;;;;;502.6
2.784;72;0;;;;;;;;;;;;;;508.1
2.816;72;0;;;;;;;;;;;;;;506.1
2.848;72;0;;;;;;;;;;;;;;501.0
2.88;72;0;;;;;;;;;;;;;;501.7
2.912;72;0;;;;;;;;;;;;;;500.0
2.946;72;0;;;;;;;;;;;;;;500.0
2.993;72;0;;;;;;;;;;;;;;489.5
3.024;72;0;;;;;;;;;;;;;;483.6
3.057;72;0;;;;;;;;;;;;;;483.8
3.089;72;0;;;;;;;;;;;;;;479.8
3.12;72;0;;;;;;;;;;;;;;474.3
3.152;72;0;;;;;;;;;;;;;;473.0
3.184;72;0;;;;;;;;;;;;;;472.1
3.217;72;0;;;;;;;;;;;;;;475.8
3.248;72;0;;;;;;;;;;;;;;476.4
3.281;72;0;;;;;;;;;;;;;;478.3
3.313;72;0;;;;;;;;;;;;;;476.7
3.344;72;0;;;;;;;;;;;;;;471.4
3.376;72;0;;;;;;;;;;;;;;471.2
3.408;72;0;;;;;;;;;;;;;;478.0
3.44;72;0;;;;;;;;;;;;;;487.2
3.473;72;0;;;;;;;;;;;;;;489.4
3.504;72;0;;;;;;;;;;;;;;488.1
3.536;72;0;;;;;;;;;;;;;;491.0
3.585;72;0;;;;;;;;;;;;;;490.9
3.617;72;0;;;;;;;;;;;;;;489.5
3.648;72;0;;;;;;;;;;;;;;490.3
3.68;72;0;;;;;;;;;;;;;;491.3
3.712;72;0;;;;;;;;;;;;;;495.6
3.744;72;0;;;;;;;;;;;;;;502.0
3.776;72;0;;;;;;;;;;;;;;505.6
3.808;72;0;;;;;;;;;;;;;;510.1
3.841;72;0;;;;;;;;;;;;;;513.7
3.872;72;0;;;;;;;;;;;;;;510.1
3.904;72;0;;;;;;;;;;;;;;509.6
3.936;72;0;;;;;;;;;;;;;;511.4
3.969;72;0;;;;;;;;;;;;;;521.5
4.0;72;0;;;;;;;;;;;;;;522.0
4.032;72;0;;;;;;;;;;;;;;523.6
4.065;72;0;;;;;;;;;;;;;;528.1
4.145;72;0;;;;;;;;;;;;;;530.5
4.176;72;0;;;;;;;;;;;;;;526.5
4.196;72;0;;;;;;;;;;;;;;526.9
4.213;72;0;;;;;;;;;;;;;;526.7
4.241;72;0;;;;;;;;;;;;;;528.0
4.274;72;0;;;;;;;;;;;;;;524.5
4.305;72;0;;;;;;;;;;;;;;515.0
4.337;72;0;;;;;;;;;;;;;;515.0
4.369;72;0;;;;;;;;;;;;;;509.7
4.401;72;0;;;;;;;;;;;;;;506.8
4.433;72;0;;;;;;;;;;;;;;498.7
4.475;72;1;411.2;393.2;91.2;153.2;0.2852;0.6385;0.385;0.0629;0.1042;0.3655;144.8;-3.59;8.21;491.9
4.529;72;1;403.2;377.2;83.2;137.2;0.2602;0.5719;0.399;0.06;0.0977;0.3818;151.57;-2.73;6.75;420.5
4.56;72;0;;;;;;;;;;;;;;416.9
4.592;72;0;;;;;;;;;;;;;;412.2
4.625;72;0;;;;;;;;;;;;;;414.4
4.656;72;0;;;;;;;;;;;;;;413.4
4.704;72;0;;;;;;;;;;;;;;413.5
4.736;72;0;;;;;;;;;;;;;;412.7
4.751;72;0;;;;;;;;;;;;;;410.7
4.769;72;0;;;;;;;;;;;;;;404.8
4.801;72;0;;;;;;;;;;;;;;402.7
4.834;72;0;;;;;;;;;;;;;;396.5
4.865;72;0;;;;;;;;;;;;;;393.2
4.929;72;0;;;;;;;;;;;;;;389.1
4.96;72;0;;;;;;;;;;;;;;383.7
4.992;72;0;;;;;;;;;;;;;;382.3
5.025;72;1;328.0;341.8;8.0;101.8;0.025;0.424;0.432;0.0065;0.0812;0.4241;178.4;-2.6;6.43;384.4
5.057;72;1;325.8;335.8;5.8;95.8;0.018;0.399;0.417;0.0044;0.0741;0.4106;179.99;0.05;6.5;381.5
5.09;72;1;322.8;329.8;2.8;89.8;0.0086;0.374;0.414;0.0023;0.0689;0.4079;177.36;-5.99;6.76;376.6
5.122;72;1;320.5;325.5;0.5;85.5;0.0016;0.3563;0.407;0.0004;0.065;0.402;-173.06;-2.77;6.45;372.0
5.155;72;1;318.2;322.5;-1.8;82.5;-0.0055;0.3438;0.398;-0.0011;0.0613;0.3936;-176.93;-5.16;5.97;367.8
5.185;72;1;316.0;322.0;-4.0;82.0;-0.0125;0.3417;0.398;-0.0026;0.0608;0.3934;179.76;-9.33;5.17;361.5
5.218;72;1;313.2;322.2;-6.8;82.2;-0.0211;0.3427;0.398;-0.0047;0.061;0.3933;-177.81;-7.53;4.5;357.9
5.25;72;1;311.8;325.0;-8.2;85.0;-0.0258;0.3542;0.393;-0.0057;0.0624;0.3884;-175.98;-8.09;3.49;353.3
5.297;72;0;;;;;;;;;;;;;;348.9
5.329;72;0;;;;;;;;;;;;;;352.5
5.361;72;0;;;;;;;;;;;;;;355.4
5.393;72;0;;;;;;;;;;;;;;356.6
5.425;72;0;;;;;;;;;;;;;;357.2
5.456;72;0;;;;;;;;;;;;;;360.5
5.489;72;0;;;;;;;;;;;;;;362.6
5.521;72;0;;;;;;;;;;;;;;413.7
5.554;72;0;;;;;;;;;;;;;;415.1
5.585;72;0;;;;;;;;;;;;;;413.7
5.618;72;0;;;;;;;;;;;;;;409.7
5.649;72;0;;;;;;;;;;;;;;407.1
5.681;72;0;;;;;;;;;;;;;;407.1
5.713;72;0;;;;;;;;;;;;;;405.3
5.746;72;0;;;;;;;;;;;;;;404.1
5.777;72;0;;;;;;;;;;;;;;405.7
5.809;72;0;;;;;;;;;;;;;;406.7
5.857;72;0;;;;;;;;;;;;;;413.0
5.889;72;0;;;;;;;;;;;;;;415.3
5.921;72;0;;;;;;;;;;;;;;419.8
5.953;72;0;;;;;;;;;;;;;;423.5
5.985;72;0;;;;;;;;;;;;;;424.3
6.017;72;1;254.8;318.0;-65.2;78.0;-0.2039;0.325;0.378;-0.0454;0.0538;0.3714;160.57;-7.67;-2.34;422.4
6.049;72;1;252.8;316.2;-67.2;76.2;-0.2102;0.3177;0.381;-0.0473;0.0537;0.3744;177.05;-3.48;-4.04;422.2
6.081;72;1;251.8;315.5;-68.2;75.5;-0.2133;0.3146;0.38;-0.0475;0.0528;0.3734;172.53;-13.75;-3.01;418.6
6.113;72;1;250.8;316.8;-69.2;76.8;-0.2164;0.3198;0.381;-0.0487;0.0537;0.3745;167.88;-4.09;-4.65;423.3
6.145;72;1;248.2;319.8;-71.8;79.8;-0.2242;0.3323;0.383;-0.0503;0.0562;0.3754;176.1;-11.15;-2.92;429.5
6.177;72;0;;;;;;;;;;;;;;435.1
6.209;72;0;;;;;;;;;;;;;;438.0
6.24;72;0;;;;;;;;;;;;;;441.6
6.272;72;0;;;;;;;;;;;;;;450.1
6.305;72;1;235.5;346.5;-84.5;106.5;-0.2641;0.4437;0.378;-0.058;0.0736;0.3662;-176.9;-7.32;-2.64;450.9
6.337;72;1;235.8;351.2;-84.2;111.2;-0.2633;0.4635;0.375;-0.0574;0.0761;0.3628;-178.96;-3.59;-1.6;447.0
6.369;72;1;238.0;355.8;-82.0;115.8;-0.2562;0.4823;0.375;-0.056;0.0789;0.3624;178.13;-0.27;-0.95;443.9
6.417;72;1;241.0;359.0;-79.0;119.0;-0.2469;0.4958;0.377;-0.0541;0.0816;0.3641;178.58;-2.35;-0.83;440.1
6.449;72;1;245.8;361.2;-74.2;121.2;-0.232;0.5052;0.374;-0.0504;0.0825;0.3609;-177.85;-1.1;-1.43;437.2
6.482;72;1;252.2;363.2;-67.8;123.2;-0.2117;0.5135;0.373;-0.0461;0.0837;0.3604;179.4;3.39;-3.14;433.5
6.512;72;1;259.8;363.2;-60.2;123.2;-0.1883;0.5135;0.378;-0.0414;0.0848;0.3655;178.93;-2.6;-2.46;432.9
6.545;72;1;265.0;360.8;-55.0;120.8;-0.1719;0.5031;0.37;-0.0371;0.0819;0.3593;-174.66;-2.75;-1.05;430.0
6.578;72;1;265.2;356.5;-54.8;116.5;-0.1711;0.4854;0.368;-0.0367;0.0789;0.3578;-170.94;-5.12;0.46;429.1
6.608;72;0;;;;;;;;;;;;;;424.9
6.641;72;1;256.5;344.8;-63.5;104.8;-0.1984;0.4365;0.37;-0.0429;0.0714;0.3601;-170.47;-4.09;1.15;426.8
6.674;72;1;254.5;340.5;-65.5;100.5;-0.2047;0.4188;0.369;-0.0443;0.0683;0.3596;-173.1;-2.77;1.87;421.9
6.705;72;0;;;;;;;;;;;;;;417.9
6.737;72;0;;;;;;;;;;;;;;415.6
6.769;72;0;;;;;;;;;;;;;;415.8
6.801;72;1;270.2;341.5;-49.8;101.5;-0.1555;0.4229;0.376;-0.0343;0.0705;0.3679;-176.62;-5.36;6.54;414.0
6.834;72;1;273.8;344.0;-46.2;104.0;-0.1445;0.4333;0.37;-0.0312;0.0713;0.3619;-171.91;-9.09;7.27;409.0
6.866;72;0;;;;;;;;;;;;;;406.0
6.928;72;0;;;;;;;;;;;;;;401.0
6.978;72;1;266.0;347.5;-54.0;107.5;-0.1688;0.4479;0.37;-0.0363;0.0735;0.3611;-170.78;-11.81;4.49;400.2
7.009;72;1;266.5;348.5;-53.5;108.5;-0.1672;0.4521;0.372;-0.0362;0.0745;0.3626;-171.39;-8.32;4.42;389.5
7.025;72;1;266.5;348.5;-53.5;108.5;-0.1672;0.4521;0.372;-0.0362;0.0745;0.3626;-171.39;-8.32;4.42;387.0
7.041;72;1;269.5;350.5;-50.5;110.5;-0.1578;0.4604;0.376;-0.0345;0.0765;0.3663;-173.29;-8.27;5.18;382.4
7.073;72;0;;;;;;;;;;;;;;386.1
7.105;72;1;265.0;353.0;-55.0;113.0;-0.1719;0.4708;0.372;-0.0372;0.0774;0.362;-171.77;-8.07;5.82;388.6
7.138;72;1;263.0;354.8;-57.0;114.8;-0.1781;0.4781;0.373;-0.0387;0.0787;0.3627;-172.9;-7.23;5.32;384.0
7.169;72;1;265.0;355.5;-55.0;115.5;-0.1719;0.4813;0.369;-0.0368;0.0784;0.3583;-170.17;-7.83;5.08;377.7
7.201;72;0;;;;;;;;;;;;;;375.9
7.232;72;1;274.5;351.8;-45.5;111.8;-0.1422;0.4656;0.371;-0.0308;0.0765;0.3615;-168.91;-5.1;6.15;378.7
7.265;72;1;281.2;350.8;-38.8;110.8;-0.1211;0.4615;0.371;-0.0263;0.0761;0.3625;-169.51;-5.67;6.95;376.0
7.329;72;1;286.2;355.8;-33.8;115.8;-0.1055;0.4823;0.367;-0.0225;0.0785;0.3578;-166.43;-8.06;6.15;372.8
7.361;72;0;;;;;;;;;;;;;;371.9
7.393;72;0;;;;;;;;;;;;;;370.9
7.426;72;1;262.5;371.0;-57.5;131.0;-0.1797;0.5458;0.376;-0.0389;0.0901;0.3631;-164.25;-11.12;0.71;371.4
7.458;72;1;251.5;373.2;-68.5;133.2;-0.2141;0.5552;0.375;-0.0463;0.0912;0.361;-163.15;-8.28;-0.28;366.6
7.489;72;1;242.8;372.8;-77.2;132.8;-0.2414;0.5531;0.379;-0.0527;0.0915;0.3636;-162.56;-5.71;-0.95;361.9
7.521;72;1;235.5;370.2;-84.5;130.2;-0.2641;0.5427;0.385;-0.0586;0.0911;0.369;-163.89;-2.8;-1.04;362.1
7.569;72;1;231.2;366.2;-88.8;126.2;-0.2773;0.526;0.383;-0.0613;0.0881;0.3678;-162.0;-4.05;-1.44;362.2
7.577;72;1;231.2;366.2;-88.8;126.2;-0.2773;0.526;0.383;-0.0613;0.0881;0.3678;-162.0;-4.05;-1.44;363.2
7.601;72;1;229.5;361.2;-90.5;121.2;-0.2828;0.5052;0.382;-0.0623;0.0844;0.3668;-161.37;-6.27;-1.69;363.1
7.633;72;1;228.8;355.0;-91.2;115.0;-0.2852;0.4792;0.383;-0.0632;0.0806;0.3691;-162.23;-6.27;-1.39;362.6
7.665;72;1;230.0;350.5;-90.0;110.5;-0.2812;0.4604;0.384;-0.0627;0.0778;0.3713;-165.44;-6.75;-1.38;363.1
7.728;72;1;234.5;346.8;-85.5;106.8;-0.2672;0.4448;0.383;-0.0595;0.0751;0.3708;-164.34;-5.98;-0.53;363.9
7.761;72;1;237.2;346.5;-82.8;106.5;-0.2586;0.4437;0.389;-0.0586;0.0761;0.3771;-167.16;-5.5;-0.31;364.1
7.794;72;1;240.8;346.5;-79.2;106.5;-0.2477;0.4437;0.389;-0.056;0.0761;0.3772;-167.2;-6.97;-0.01;362.5
7.825;72;1;244.0;346.5;-76.0;106.5;-0.2375;0.4437;0.39;-0.054;0.0765;0.3786;-166.05;-4.52;0.19;360.1
7.858;72;1;248.2;346.2;-71.8;106.2;-0.2242;0.4427;0.392;-0.0513;0.0766;0.3805;-167.5;-4.04;-0.26;358.8
7.889;72;1;252.2;346.8;-67.8;106.8;-0.2117;0.4448;0.391;-0.0484;0.0769;0.3801;-167.37;-3.75;-1.02;354.7
7.922;72;1;256.0;348.5;-64.0;108.5;-0.2;0.4521;0.393;-0.0459;0.0784;0.3819;-169.04;-3.29;-2.19;353.1
7.953;72;1;259.5;349.2;-60.5;109.2;-0.1891;0.4552;0.391;-0.0433;0.0788;0.381;-169.77;-2.02;-2.79;351.5
7.986;72;1;261.5;349.2;-58.5;109.2;-0.1828;0.4552;0.393;-0.0419;0.079;0.3822;-170.06;-5.66;-2.05;354.2
8.017;72;1;260.2;348.0;-59.8;108.0;-0.1867;0.45;0.395;-0.0431;0.0785;0.3843;-169.88;-3.85;-2.08;349.6
8.051;72;1;256.8;346.2;-63.2;106.2;-0.1977;0.4427;0.4;-0.0462;0.0782;0.3895;-172.98;-4.82;-2.31;351.5
8.081;72;0;;;;;;;;;;;;;;347.7
8.129;72;1;247.2;337.8;-72.8;97.8;-0.2273;0.4073;0.405;-0.0539;0.073;0.3947;-170.37;-3.68;-1.9;346.3
8.16;72;0;;;;;;;;;;;;;;348.1
8.194;72;1;234.5;328.0;-85.5;88.0;-0.2672;0.3667;0.412;-0.0646;0.0667;0.4017;-177.49;-1.93;-1.18;353.6
8.226;72;1;229.0;325.8;-91.0;85.8;-0.2844;0.3573;0.411;-0.0685;0.0646;0.3997;-177.94;0.0;-1.13;353.7
8.257;72;1;223.5;323.2;-96.5;83.2;-0.3016;0.3469;0.411;-0.0727;0.0628;0.3998;-177.91;-0.04;-1.11;349.1
8.289;72;1;219.8;320.5;-100.2;80.5;-0.3133;0.3354;0.406;-0.0746;0.06;0.3949;-176.14;1.71;-0.26;347.9
8.321;72;1;216.8;319.5;-103.2;79.5;-0.3227;0.3312;0.405;-0.0765;0.0592;0.3938;-172.52;-1.23;-0.55;348.4
8.354;72;1;212.2;317.0;-107.8;77.0;-0.3367;0.3208;0.409;-0.0807;0.0578;0.3973;-174.48;3.06;-1.92;348.3
8.386;72;1;209.0;315.8;-111.0;75.8;-0.3469;0.3156;0.405;-0.0821;0.0561;0.3923;-176.16;1.42;-2.03;345.8
8.417;72;1;206.5;316.8;-113.5;76.8;-0.3547;0.3198;0.408;-0.0844;0.0572;0.3949;-178.06;-0.26;-1.8;343.0
8.449;72;1;204.0;318.5;-116.0;78.5;-0.3625;0.3271;0.403;-0.0852;0.0578;0.3896;-176.16;2.89;-1.88;345.1
8.481;72;1;202.8;322.5;-117.2;82.5;-0.3664;0.3438;0.399;-0.0852;0.0601;0.3851;-173.5;4.03;-1.35;349.2
8.513;72;0;;;;;;;;;;;;;;350.1
8.546;72;0;;;;;;;;;;;;;;351.9
8.578;72;0;;;;;;;;;;;;;;349.9
8.609;72;0;;;;;;;;;;;;;;350.8
8.641;72;1;219.8;353.2;-100.2;113.2;-0.3133;0.4719;0.385;-0.0701;0.0793;0.3698;-167.5;7.35;2.24;353.3
8.689;72;1;224.2;357.2;-95.8;117.2;-0.2992;0.4885;0.388;-0.0676;0.0827;0.3728;-170.54;8.26;2.72;354.1
8.721;72;1;227.5;359.2;-92.5;119.2;-0.2891;0.4969;0.39;-0.0655;0.0845;0.3746;-171.45;6.28;3.14;355.6
8.753;72;1;229.8;359.8;-90.2;119.8;-0.282;0.499;0.39;-0.064;0.0851;0.3755;-170.07;4.48;3.55;356.0
8.785;72;1;231.0;358.5;-89.0;118.5;-0.2781;0.4938;0.394;-0.0638;0.0851;0.3798;-170.76;3.26;3.52;358.3
8.817;72;1;231.8;356.8;-88.2;116.8;-0.2758;0.4865;0.394;-0.0632;0.0839;0.3796;-167.99;1.79;3.49;359.6
8.849;72;1;230.8;354.0;-89.2;114.0;-0.2789;0.475;0.392;-0.0637;0.0817;0.3783;-168.22;2.7;3.65;361.9
8.881;72;1;229.8;351.5;-90.2;111.5;-0.282;0.4646;0.396;-0.0652;0.0807;0.3827;-171.59;2.91;3.67;369.2
8.913;72;1;227.8;349.8;-92.2;109.8;-0.2883;0.4573;0.397;-0.0667;0.0795;0.3832;-172.76;2.58;3.39;372.7
8.945;72;1;225.0;348.0;-95.0;108.0;-0.2969;0.45;0.398;-0.0688;0.0783;0.3839;-174.15;3.56;3.57;372.2
8.977;72;1;222.2;346.2;-97.8;106.2;-0.3055;0.4427;0.398;-0.071;0.0771;0.3844;-175.49;4.71;3.0;375.9
9.01;72;1;219.8;344.2;-100.2;104.2;-0.3133;0.4344;0.398;-0.0728;0.0754;0.3838;-177.77;7.46;2.49;382.9
9.041;72;1;218.8;342.0;-101.2;102.0;-0.3164;0.425;0.396;-0.0731;0.0736;0.3821;-175.33;5.88;2.44;382.3
9.073;72;1;218.8;340.5;-101.2;100.5;-0.3164;0.4188;0.396;-0.0731;0.0725;0.3821;-175.24;5.89;2.46;385.3
9.105;72;1;220.2;340.0;-99.8;100.0;-0.3117;0.4167;0.396;-0.0721;0.0722;0.3823;-175.23;5.96;1.74;382.9
9.137;72;1;222.5;340.2;-97.5;100.2;-0.3047;0.4177;0.397;-0.0708;0.0726;0.3843;-177.91;6.28;1.33;383.2
9.169;72;1;224.5;341.0;-95.5;101.0;-0.2984;0.4208;0.398;-0.0694;0.0733;0.3846;-176.59;6.19;1.7;382.2
9.201;72;1;227.0;341.8;-93.0;101.8;-0.2906;0.424;0.397;-0.0675;0.0739;0.3846;-175.29;3.52;1.83;381.1
9.25;72;1;228.5;342.2;-91.5;102.2;-0.2859;0.426;0.397;-0.0664;0.0742;0.3844;-175.3;3.55;2.54;383.7
9.282;72;1;228.5;342.0;-91.5;102.0;-0.2859;0.425;0.399;-0.0667;0.0745;0.3866;-175.14;2.15;2.47;380.6
9.314;72;1;227.2;341.0;-92.8;101.0;-0.2898;0.4208;0.4;-0.0677;0.0738;0.3869;-175.23;3.55;2.21;378.9
9.344;72;1;225.5;339.2;-94.5;99.2;-0.2953;0.4135;0.402;-0.0695;0.073;0.3895;-175.17;3.5;1.89;375.3
9.377;72;1;223.2;336.8;-96.8;96.8;-0.3023;0.4031;0.402;-0.0712;0.0712;0.3895;-175.09;4.85;1.67;378.8
9.409;72;1;220.2;334.0;-99.8;94.0;-0.3117;0.3917;0.402;-0.0734;0.0691;0.3896;-176.45;4.74;1.33;378.9
9.442;72;1;218.8;332.0;-101.2;92.0;-0.3164;0.3833;0.402;-0.0745;0.0676;0.3896;-176.36;4.75;0.63;379.2
9.473;72;1;217.5;330.5;-102.5;90.5;-0.3203;0.3771;0.403;-0.0754;0.0666;0.3897;-176.41;3.26;0.17;378.6
9.505;72;1;217.2;330.0;-102.8;90.0;-0.3211;0.375;0.399;-0.075;0.0656;0.3865;-177.54;6.25;-0.34;376.6
9.537;72;1;217.2;330.5;-102.8;90.5;-0.3211;0.3771;0.398;-0.0747;0.0658;0.3849;-173.65;4.58;-0.06;373.2
9.569;72;1;218.0;331.0;-102.0;91.0;-0.3187;0.3792;0.4;-0.0746;0.0666;0.3873;-174.97;4.63;-0.07;372.7
9.601;72;1;219.5;331.0;-100.5;91.0;-0.3141;0.3792;0.4;-0.0735;0.0666;0.3872;-174.98;4.7;-0.81;374.7
9.633;72;1;220.5;331.0;-99.5;91.0;-0.3109;0.3792;0.4;-0.0728;0.0666;0.3872;-174.98;4.74;-0.81;372.4
9.664;72;1;221.5;330.5;-98.5;90.5;-0.3078;0.3771;0.402;-0.0724;0.0667;0.3896;-173.52;3.46;-0.59;372.1
9.728;72;1;222.5;329.0;-97.5;89.0;-0.3047;0.3708;0.404;-0.0721;0.0659;0.392;-174.76;1.94;-1.06;372.0
9.76;72;1;222.8;328.8;-97.2;88.8;-0.3039;0.3698;0.404;-0.0719;0.0657;0.392;-176.34;3.45;-1.67;372.2
9.793;72;1;222.5;328.0;-97.5;88.0;-0.3047;0.3667;0.404;-0.0721;0.0652;0.392;-174.73;1.93;-1.05;372.4
9.841;72;1;222.0;328.0;-98.0;88.0;-0.3063;0.3667;0.404;-0.0724;0.0652;0.3918;-174.74;1.92;-1.78;369.1
9.874;72;1;222.2;327.5;-97.8;87.5;-0.3055;0.3646;0.403;-0.0721;0.0648;0.3916;-174.54;0.37;-1.52;368.5
9.892;72;1;222.2;327.5;-97.8;87.5;-0.3055;0.3646;0.403;-0.0721;0.0648;0.3916;-174.54;0.37;-1.52;364.0
9.907;72;1;222.0;326.8;-98.0;86.8;-0.3063;0.3615;0.404;-0.0724;0.0642;0.3919;-176.29;1.82;-2.12;358.8
9.936;72;1;221.5;326.2;-98.5;86.2;-0.3078;0.3594;0.402;-0.0724;0.0637;0.3906;-172.64;-0.88;-1.68;358.0
9.969;72;1;220.2;325.0;-99.8;85.0;-0.3117;0.3542;0.404;-0.0737;0.0629;0.3917;-174.74;3.36;-2.73;358.2
10.001;72;1;219.0;324.0;-101.0;84.0;-0.3156;0.35;0.404;-0.0746;0.0622;0.3917;-174.64;1.79;-2.47;354.9
10.033;72;1;218.8;323.8;-101.2;83.8;-0.3164;0.349;0.401;-0.0744;0.0616;0.3893;-174.75;4.7;-2.57;354.5
10.065;72;1;219.0;323.0;-101.0;83.0;-0.3156;0.3458;0.401;-0.0742;0.0611;0.3892;-173.28;3.35;-2.7;354.7
10.129;72;1;221.2;324.0;-98.8;84.0;-0.3086;0.35;0.403;-0.073;0.0622;0.3917;-174.7;3.38;-2.73;355.7
10.161;72;1;222.2;325.2;-97.8;85.2;-0.3055;0.3552;0.406;-0.0727;0.0635;0.3943;-174.65;1.91;-2.15;354.9
10.192;72;1;222.2;326.2;-97.8;86.2;-0.3055;0.3594;0.406;-0.0727;0.0643;0.3943;-174.68;1.92;-2.15;353.8
10.226;72;1;222.0;326.0;-98.0;86.0;-0.3063;0.3583;0.406;-0.0727;0.0641;0.3938;-172.92;0.61;-1.56;355.0
10.256;72;1;221.8;325.2;-98.2;85.2;-0.307;0.3552;0.403;-0.0726;0.0632;0.3917;-173.33;3.48;-2.39;355.3
10.289;72;1;221.5;325.0;-98.5;85.0;-0.3078;0.3542;0.403;-0.0728;0.0629;0.3916;-174.74;4.84;-2.97;359.5
10.321;72;1;221.5;325.2;-98.5;85.2;-0.3078;0.3552;0.403;-0.0727;0.0631;0.3915;-173.16;2.06;-2.15;361.6
10.353;72;1;220.8;325.8;-99.2;85.8;-0.3102;0.3573;0.406;-0.0738;0.0639;0.3943;-174.67;1.85;-2.14;365.6
10.401;72;1;220.5;326.2;-99.5;86.2;-0.3109;0.3594;0.403;-0.0735;0.0639;0.3915;-173.21;2.04;-2.15;365.7
10.433;72;1;219.8;325.8;-100.2;85.8;-0.3133;0.3573;0.404;-0.0741;0.0635;0.3918;-173.33;3.42;-2.38;368.6
10.445;72;1;219.8;325.8;-100.2;85.8;-0.3133;0.3573;0.404;-0.0741;0.0635;0.3918;-173.33;3.42;-2.38;370.1
10.465;72;1;219.8;325.2;-100.2;85.2;-0.3133;0.3552;0.404;-0.0741;0.0632;0.3918;-173.34;3.4;-2.38;366.1
10.529;72;1;220.0;325.2;-100.0;85.2;-0.3125;0.3552;0.404;-0.0738;0.0632;0.3917;-173.24;1.97;-2.15;366.6
10.562;72;1;220.0;326.2;-100.0;86.2;-0.3125;0.3594;0.404;-0.0738;0.0639;0.3916;-173.27;1.98;-2.16;368.5
10.594;72;1;219.8;326.2;-100.2;86.2;-0.3133;0.3594;0.404;-0.0741;0.0639;0.3918;-173.38;3.41;-2.39;367.7
10.625;72;1;219.8;326.2;-100.2;86.2;-0.3133;0.3594;0.404;-0.0741;0.0639;0.3918;-173.38;3.41;-2.39;365.7
10.657;72;1;218.8;325.8;-101.2;85.8;-0.3164;0.3573;0.404;-0.0748;0.0635;0.3918;-173.34;3.39;-2.37;366.1
10.69;72;1;218.2;325.2;-101.8;85.2;-0.318;0.3552;0.405;-0.0752;0.0634;0.3926;-171.21;-0.61;-2.46;365.7
10.72;72;1;217.5;325.0;-102.5;85.0;-0.3203;0.3542;0.404;-0.0758;0.0629;0.3916;-174.75;4.7;-2.95;362.2
10.754;72;1;217.2;325.2;-102.8;85.2;-0.3211;0.3552;0.404;-0.0759;0.0631;0.3915;-173.34;3.34;-3.09;362.1
10.785;72;1;217.0;325.5;-103.0;85.5;-0.3219;0.3563;0.404;-0.076;0.0633;0.3913;-171.85;2.09;-2.52;359.7
10.817;72;1;217.2;325.8;-102.8;85.8;-0.3211;0.3573;0.404;-0.0759;0.0635;0.3916;-173.39;3.33;-3.1;361.8
10.849;72;1;217.2;326.0;-102.8;86.0;-0.3211;0.3583;0.401;-0.0755;0.0633;0.3892;-173.47;4.67;-2.94;361.9
10.881;72;1;217.5;326.2;-102.5;86.2;-0.3203;0.3594;0.404;-0.0756;0.0638;0.3914;-173.25;1.97;-2.87;364.1
10.913;72;1;218.2;326.0;-101.8;86.0;-0.318;0.3583;0.401;-0.0748;0.0633;0.3892;-173.46;4.71;-2.95;367.2
10.961;72;1;218.5;326.5;-101.5;86.5;-0.3172;0.3604;0.403;-0.0749;0.064;0.3912;-171.88;2.17;-2.54;369.5
10.993;72;1;219.0;325.5;-101.0;85.5;-0.3156;0.3563;0.403;-0.0745;0.0633;0.3912;-171.82;2.17;-2.54;367.4
11.025;72;1;218.8;325.2;-101.2;85.2;-0.3164;0.3552;0.408;-0.0756;0.0639;0.3962;-172.93;0.51;-2.67;370.4
11.057;72;1;217.2;323.5;-102.8;83.5;-0.3211;0.3479;0.412;-0.0773;0.0629;0.3993;-176.23;1.7;-3.25;373.7
11.089;72;1;211.5;322.5;-108.5;82.5;-0.3391;0.3438;0.416;-0.0825;0.0627;0.4032;-179.34;3.64;-4.33;375.9
11.12;72;0;;;;;;;;;;;;;;374.6
11.152;72;0;;;;;;;;;;;;;;378.7
11.184;72;0;;;;;;;;;;;;;;382.2
11.217;72;0;;;;;;;;;;;;;;385.3
11.248;72;0;;;;;;;;;;;;;;385.4
11.28;72;0;;;;;;;;;;;;;;388.8
11.313;72;0;;;;;;;;;;;;;;391.3
11.345;72;1;73.8;327.0;-246.2;87.0;-0.7695;0.3625;0.435;-0.1815;0.0642;0.3905;-177.54;13.0;-9.67;393.1
11.378;72;1;66.5;329.8;-253.5;89.8;-0.7922;0.374;0.442;-0.1884;0.0667;0.3937;-177.91;13.77;-9.58;393.1
11.409;72;1;62.5;332.8;-257.5;92.8;-0.8047;0.3865;0.439;-0.1897;0.0684;0.3903;-176.17;14.19;-9.69;389.1
11.442;72;1;62.8;335.2;-257.2;95.2;-0.8039;0.3969;0.44;-0.1897;0.0704;0.3907;-174.27;15.56;-10.09;389.1
11.473;72;0;;;;;;;;;;;;;;392.2
11.521;72;0;;;;;;;;;;;;;;396.4
11.553;72;0;;;;;;;;;;;;;;395.6
11.585;72;0;;;;;;;;;;;;;;403.4
11.617;72;0;;;;;;;;;;;;;;406.7
11.649;72;0;;;;;;;;;;;;;;406.3
11.681;72;0;;;;;;;;;;;;;;408.8
11.713;72;0;;;;;;;;;;;;;;416.2
11.745;72;0;;;;;;;;;;;;;;419.1
11.777;72;0;;;;;;;;;;;;;;423.3
11.808;72;0;;;;;;;;;;;;;;427.5
11.841;72;0;;;;;;;;;;;;;;430.4
11.872;72;0;;;;;;;;;;;;;;432.3
11.905;72;0;;;;;;;;;;;;;;434.9
11.937;72;0;;;;;;;;;;;;;;437.3
11.969;72;0;;;;;;;;;;;;;;442.1
12.001;72;1;519.5;349.5;199.5;109.5;0.6234;0.4562;0.419;0.1448;0.0796;0.3853;-177.27;-1.62;1.77;445.2
12.034;72;1;525.8;353.5;205.8;113.5;0.643;0.4729;0.414;0.1468;0.0811;0.3786;-176.4;-1.34;2.4;443.6
12.065;72;1;528.0;357.0;208.0;117.0;0.65;0.4875;0.41;0.1466;0.0826;0.3741;-176.67;-0.34;2.86;439.6
12.146;72;1;529.0;362.2;209.0;122.2;0.6531;0.5094;0.413;0.148;0.0867;0.3762;-179.4;2.45;3.29;442.0
12.158;72;1;529.0;362.2;209.0;122.2;0.6531;0.5094;0.413;0.148;0.0867;0.3762;-179.4;2.45;3.29;436.9
12.178;72;1;531.5;362.5;211.5;122.5;0.6609;0.5104;0.418;0.1514;0.0877;0.3801;179.44;2.2;3.74;430.3
12.21;72;1;532.8;361.8;212.8;121.8;0.6648;0.5073;0.423;0.1537;0.0879;0.3836;178.63;0.75;3.75;424.9
12.241;72;1;533.2;360.5;213.2;120.5;0.6664;0.5021;0.43;0.1567;0.0885;0.3901;178.93;-0.32;4.43;419.7
12.272;72;1;532.5;359.2;212.5;119.2;0.6641;0.4969;0.439;0.1597;0.0895;0.3986;178.22;-1.77;4.48;415.0
12.304;72;1;530.8;358.0;210.8;118.0;0.6586;0.4917;0.445;0.1611;0.0901;0.4054;178.92;-3.83;4.65;411.5
12.336;72;1;527.5;356.8;207.5;116.8;0.6484;0.4865;0.446;0.1591;0.0894;0.4065;-179.76;-4.52;3.66;408.9
12.368;72;1;524.2;356.5;204.2;116.5;0.6383;0.4854;0.449;0.158;0.0901;0.4104;179.56;-2.58;3.63;408.2
12.401;72;1;521.2;356.0;201.2;116.0;0.6289;0.4833;0.449;0.1559;0.0897;0.4108;178.87;-4.03;4.72;411.5
12.433;72;1;519.2;358.0;199.2;118.0;0.6227;0.4917;0.453;0.1561;0.0924;0.4156;179.48;-2.62;4.47;407.5
12.464;72;1;518.0;362.2;198.0;122.2;0.6188;0.5094;0.452;0.1544;0.0952;0.4136;178.75;-4.03;5.18;407.6
12.529;72;1;517.8;367.5;197.8;127.5;0.618;0.5312;0.452;0.1541;0.0993;0.4135;-179.74;-1.17;5.68;405.0
12.561;72;1;517.8;368.8;197.8;128.8;0.618;0.5365;0.449;0.153;0.0996;0.4104;-179.51;-2.26;5.53;402.1
12.593;72;1;518.0;370.2;198.0;130.2;0.6188;0.5427;0.447;0.1524;0.1003;0.4084;-178.43;-2.03;5.45;395.2
12.625;72;1;518.0;371.2;198.0;131.2;0.6188;0.5469;0.447;0.1524;0.101;0.4084;-178.44;-2.03;5.45;392.4
12.674;72;1;517.0;372.0;197.0;132.0;0.6156;0.55;0.448;0.1519;0.1019;0.4092;-177.37;-1.86;5.04;392.2
12.706;72;1;516.8;372.2;196.8;132.2;0.6148;0.551;0.448;0.1517;0.1021;0.4093;-176.43;-0.65;5.89;389.5
12.725;72;1;516.8;372.2;196.8;132.2;0.6148;0.551;0.448;0.1517;0.1021;0.4093;-176.43;-0.65;5.89;385.7
12.74;72;1;516.2;371.0;196.2;131.0;0.6133;0.5458;0.452;0.1526;0.102;0.4128;-176.46;0.47;5.27;379.1
12.77;72;1;515.5;369.2;195.5;129.2;0.6109;0.5385;0.45;0.1516;0.1003;0.4117;-177.47;-0.78;5.95;376.5
12.801;72;1;514.5;367.2;194.5;127.2;0.6078;0.5302;0.459;0.1538;0.1009;0.4204;-176.34;5.71;6.9;373.5
12.833;72;1;516.8;363.5;196.8;123.5;0.6148;0.5146;0.46;0.156;0.098;0.4211;-179.13;2.83;8.78;368.0
12.865;72;1;519.2;360.5;199.2;120.5;0.6227;0.5021;0.461;0.1583;0.0958;0.4221;-179.24;2.87;8.03;365.2
12.931;72;1;526.0;356.2;206.0;116.2;0.6438;0.4844;0.455;0.1614;0.091;0.4155;179.57;-2.6;7.95;365.1
12.962;72;1;527.5;355.0;207.5;115.0;0.6484;0.4792;0.453;0.1616;0.0895;0.4132;179.22;-1.49;8.04;357.7
12.993;72;1;527.8;354.5;207.8;114.5;0.6492;0.4771;0.455;0.1626;0.0895;0.4154;178.12;-1.91;7.39;352.7
13.025;72;1;526.8;354.8;206.8;114.8;0.6461;0.4781;0.457;0.1625;0.0901;0.417;179.23;-1.52;6.94;350.5
13.056;72;1;526.2;355.8;206.2;115.8;0.6445;0.4823;0.455;0.1617;0.0907;0.4161;-179.98;-0.01;6.59;351.1
13.089;72;1;526.5;357.0;206.5;117.0;0.6453;0.4875;0.454;0.1613;0.0914;0.4146;179.2;-1.49;6.52;353.4
13.12;72;1;526.8;358.0;206.8;118.0;0.6461;0.4917;0.455;0.1618;0.0923;0.4154;178.83;-0.35;6.27;351.1
13.153;72;1;526.5;358.8;206.5;118.8;0.6453;0.4948;0.451;0.1601;0.092;0.4114;179.55;-2.55;6.33;352.7
13.185;72;1;526.2;359.0;206.2;119.0;0.6445;0.4958;0.453;0.1605;0.0926;0.4129;-179.69;-1.14;6.42;352.8
13.232;72;1;525.0;359.5;205.0;119.5;0.6406;0.4979;0.451;0.159;0.0927;0.4116;-178.57;-0.87;5.57;353.9
13.265;72;1;522.8;360.2;202.8;120.2;0.6336;0.501;0.449;0.1568;0.093;0.4103;-179.38;-2.26;5.48;357.8
13.278;72;1;522.8;360.2;202.8;120.2;0.6336;0.501;0.449;0.1568;0.093;0.4103;-179.38;-2.26;5.48;357.8
13.329;72;1;518.5;360.0;198.5;120.0;0.6203;0.5;0.45;0.1541;0.0932;0.4121;-178.56;-0.91;4.81;358.2
13.362;72;1;516.5;359.5;196.5;119.5;0.6141;0.4979;0.452;0.1534;0.0933;0.4145;-179.92;-0.04;4.62;358.0
13.394;72;1;514.2;359.0;194.2;119.0;0.607;0.4958;0.451;0.1516;0.0928;0.414;-179.7;-1.2;4.9;355.1
13.425;72;1;512.0;358.0;192.0;118.0;0.6;0.4917;0.449;0.1496;0.0919;0.4134;-179.41;-2.37;5.15;353.5
13.457;72;1;509.5;356.5;189.5;116.5;0.5922;0.4854;0.449;0.1478;0.0909;0.4138;-179.4;-2.4;4.39;353.7
13.489;72;1;507.0;355.0;187.0;115.0;0.5844;0.4792;0.454;0.1467;0.0902;0.4198;156.29;39.36;-3.11;355.9
13.521;72;1;504.5;353.5;184.5;113.5;0.5766;0.4729;0.451;0.1452;0.0893;0.4176;-178.45;-0.99;4.88;356.8
13.552;72;1;502.2;351.2;182.2;111.2;0.5695;0.4635;0.453;0.1443;0.0881;0.4201;-178.39;-1.02;5.3;359.5
13.584;72;1;500.2;349.8;180.2;109.8;0.5633;0.4573;0.448;0.1413;0.086;0.4158;-179.33;-2.54;5.56;362.5
13.616;72;1;498.8;348.2;178.8;108.2;0.5586;0.451;0.451;0.1413;0.0856;0.4197;-178.41;-1.01;6.08;365.5
13.648;72;1;497.2;346.8;177.2;106.8;0.5539;0.4448;0.45;0.1402;0.0845;0.4197;-178.39;-1.03;6.08;366.4
13.68;72;1;496.5;345.0;176.5;105.0;0.5516;0.4375;0.447;0.1387;0.0826;0.4171;-178.36;-1.03;5.65;367.7
13.714;72;1;496.0;343.2;176.0;103.2;0.55;0.4302;0.451;0.1395;0.0819;0.4209;-178.6;0.32;5.04;368.3
13.744;72;1;495.5;341.8;175.5;101.8;0.5484;0.424;0.451;0.1391;0.0807;0.4209;-178.65;0.36;5.04;371.0
13.777;72;1;495.0;340.8;175.0;100.8;0.5469;0.4198;0.446;0.1374;0.0791;0.4165;-179.63;-1.35;5.3;372.0
13.825;72;1;495.0;340.5;175.0;100.5;0.5469;0.4188;0.447;0.1377;0.0791;0.4177;-178.32;-1.02;4.86;372.0
13.857;72;1;494.5;341.0;174.5;101.0;0.5453;0.4208;0.446;0.1372;0.0794;0.4172;-178.32;-1.03;5.64;375.0
13.889;72;1;493.5;341.8;173.5;101.8;0.5422;0.424;0.444;0.1357;0.0796;0.4152;-178.6;0.32;4.97;377.8
13.921;72;1;492.2;343.2;172.2;103.2;0.5383;0.4302;0.444;0.1347;0.0808;0.415;-178.31;-1.06;4.45;376.7
13.953;72;1;490.2;343.8;170.2;103.8;0.532;0.4323;0.443;0.133;0.0811;0.4146;-178.36;-1.06;5.24;380.2
13.985;72;1;488.5;344.8;168.5;104.8;0.5266;0.4365;0.442;0.1315;0.0817;0.4139;-178.08;-2.38;5.49;382.8
14.017;72;1;486.8;345.0;166.8;105.0;0.5211;0.4375;0.446;0.1312;0.0827;0.4177;-178.56;0.28;5.39;382.6
14.05;72;1;485.8;345.0;165.8;105.0;0.518;0.4375;0.445;0.1304;0.0827;0.4176;-178.56;0.28;5.39;382.7
14.082;72;1;484.8;345.0;164.8;105.0;0.5148;0.4375;0.445;0.1296;0.0827;0.4176;-178.55;0.27;5.39;379.7
14.113;72;1;484.0;344.8;164.0;104.8;0.5125;0.4365;0.445;0.1291;0.0826;0.4182;-177.2;1.91;5.47;379.1
14.145;72;1;484.0;344.8;164.0;104.8;0.5125;0.4365;0.445;0.1291;0.0826;0.4182;-177.2;1.91;5.47;377.8
14.177;72;1;483.5;345.2;163.5;105.2;0.5109;0.4385;0.445;0.1285;0.0829;0.4176;-177.19;1.9;6.24;379.7
14.209;72;1;483.5;346.2;163.5;106.2;0.5109;0.4427;0.445;0.1285;0.0837;0.4176;-177.2;1.88;6.24;375.7
14.241;72;1;483.8;347.2;163.8;107.2;0.5117;0.4469;0.444;0.1286;0.0844;0.417;-177.09;0.4;6.53;372.8
14.273;72;1;483.8;349.2;163.8;109.2;0.5117;0.4552;0.445;0.1286;0.0859;0.417;-177.11;0.37;6.53;372.4
14.305;72;1;484.5;351.0;164.5;111.0;0.5141;0.4625;0.446;0.1294;0.0875;0.4178;-175.79;1.82;5.85;371.2
14.337;72;1;484.2;352.8;164.2;112.8;0.5133;0.4698;0.443;0.1284;0.0883;0.4152;-175.84;1.78;5.43;372.1
14.385;72;1;484.5;354.0;164.5;114.0;0.5141;0.475;0.446;0.1293;0.0898;0.4176;-175.81;1.76;5.85;376.1
14.417;72;1;484.5;354.8;164.5;114.8;0.5141;0.4781;0.443;0.1285;0.0898;0.4148;-175.85;0.38;5.72;378.0
14.448;72;1;484.0;355.2;164.0;115.2;0.5125;0.4802;0.444;0.1283;0.0903;0.4153;-175.85;0.37;4.95;377.3
14.482;72;1;483.5;356.2;163.5;116.2;0.5109;0.4844;0.444;0.1279;0.0911;0.4153;-175.9;0.37;4.96;376.5
14.513;72;1;482.5;356.2;162.5;116.2;0.5078;0.4844;0.446;0.1278;0.0915;0.4175;-177.08;-1.04;5.29;373.9
14.544;72;1;481.5;357.0;161.5;117.0;0.5047;0.4875;0.447;0.1272;0.0924;0.4184;-175.79;1.67;4.31;372.8
14.576;72;1;480.0;357.8;160.0;117.8;0.5;0.4906;0.446;0.126;0.0928;0.4179;-177.08;-1.08;4.52;372.6
14.609;72;1;478.0;358.8;158.0;118.8;0.4938;0.4948;0.446;0.1244;0.0936;0.4179;-177.08;-1.11;4.53;371.7
14.64;72;1;475.8;360.2;155.8;120.2;0.4867;0.501;0.446;0.1228;0.0949;0.4185;-177.11;0.19;3.46;371.4
14.673;72;1;472.5;361.8;152.5;121.8;0.4766;0.5073;0.449;0.1211;0.0967;0.4215;-178.52;0.12;2.72;370.1
14.705;72;1;470.0;362.2;150.0;122.2;0.4688;0.5094;0.449;0.1192;0.0972;0.4217;-178.51;0.11;1.94;367.9
14.738;72;1;467.8;363.2;147.8;123.2;0.4617;0.5135;0.449;0.1174;0.098;0.4218;-178.54;1.62;1.59;368.3
14.769;72;1;466.2;363.2;146.2;123.2;0.457;0.5135;0.448;0.1161;0.098;0.4217;-178.48;1.58;1.59;366.1
14.802;72;1;465.2;363.0;145.2;123.0;0.4539;0.5125;0.451;0.116;0.0984;0.4244;-178.33;3.18;1.63;362.9
14.833;72;1;464.2;363.0;144.2;123.0;0.4508;0.5125;0.451;0.1152;0.0984;0.4243;-178.31;3.19;1.62;360.5
14.865;72;1;464.0;363.0;144.0;123.0;0.45;0.5125;0.45;0.1149;0.0983;0.4241;-178.12;4.92;1.23;358.7
14.946;72;1;463.5;363.8;143.5;123.8;0.4484;0.5156;0.454;0.1154;0.0997;0.4274;-178.33;3.24;1.24;359.6
14.977;72;1;462.8;363.8;142.8;123.8;0.4461;0.5156;0.448;0.1134;0.0984;0.4218;-178.44;1.57;0.81;361.5
14.989;72;1;462.8;363.8;142.8;123.8;0.4461;0.5156;0.448;0.1134;0.0984;0.4218;-178.44;1.57;0.81;362.7
15.009;72;1;462.5;363.8;142.5;123.8;0.4453;0.5156;0.447;0.1131;0.0983;0.4216;-178.34;3.2;0.43;362.1
15.041;72;1;461.8;363.8;141.8;123.8;0.443;0.5156;0.45;0.1134;0.099;0.4246;179.98;0.02;1.19;360.8
15.073;72;1;461.2;363.2;141.2;123.2;0.4414;0.5135;0.453;0.1134;0.0992;0.4269;-178.01;4.92;0.05;359.4
15.104;72;1;460.8;362.8;140.8;122.8;0.4398;0.5115;0.453;0.1133;0.0988;0.4275;178.2;1.54;0.83;358.9
15.136;72;1;460.0;362.8;140.0;122.8;0.4375;0.5115;0.456;0.1133;0.0995;0.4303;-179.81;5.35;0.77;359.6
15.169;72;1;459.8;362.8;139.8;122.8;0.4367;0.5115;0.453;0.1125;0.0988;0.4275;178.19;1.56;0.83;360.4
15.2;72;1;460.0;363.2;140.0;123.2;0.4375;0.5135;0.456;0.1133;0.0999;0.4302;-179.76;5.28;-0.03;361.0
15.232;72;1;459.8;363.8;139.8;123.8;0.4367;0.5156;0.453;0.1125;0.0996;0.4275;178.21;1.56;0.83;363.5
15.265;72;1;460.2;364.8;140.2;124.8;0.4383;0.5198;0.457;0.1136;0.1012;0.4305;-179.98;3.4;1.2;364.7
15.329;72;1;460.5;367.8;140.5;127.8;0.4391;0.5323;0.454;0.1131;0.1028;0.4273;178.4;-0.13;1.22;364.9
15.36;72;1;460.8;369.0;140.8;129.0;0.4398;0.5375;0.454;0.1133;0.1039;0.4276;179.97;1.61;1.2;364.3
15.393;72;1;461.5;369.5;141.5;129.5;0.4422;0.5396;0.455;0.1138;0.1043;0.4275;-179.95;3.3;-0.01;364.3
15.425;72;1;462.8;369.2;142.8;129.2;0.4461;0.5385;0.452;0.1142;0.1034;0.4246;-179.98;-0.02;0.39;364.4
15.457;72;1;463.5;369.2;143.5;129.2;0.4484;0.5385;0.452;0.1148;0.1034;0.4247;179.96;1.58;0.01;368.2
15.506;72;1;464.2;369.2;144.2;129.2;0.4508;0.5385;0.452;0.1154;0.1034;0.4247;179.98;0.02;0.4;368.2
15.537;72;1;465.0;368.5;145.0;128.5;0.4531;0.5354;0.452;0.116;0.1029;0.4247;-178.48;1.55;0.42;367.2
15.547;72;1;465.0;368.5;145.0;128.5;0.4531;0.5354;0.452;0.116;0.1029;0.4247;-178.48;1.55;0.42;368.3
15.569;72;1;465.2;368.2;145.2;128.2;0.4539;0.5344;0.452;0.1162;0.1026;0.4247;179.98;0.02;0.4;364.4
15.601;72;1;465.0;368.0;145.0;128.0;0.4531;0.5333;0.452;0.1159;0.1025;0.4247;-178.47;1.55;0.42;363.0
15.633;72;1;465.0;367.8;145.0;127.8;0.4531;0.5323;0.452;0.1159;0.1023;0.4245;-176.98;1.46;0.04;361.5
15.665;72;1;464.2;368.2;144.2;128.2;0.4508;0.5344;0.452;0.1154;0.1026;0.4247;179.98;0.02;0.4;362.2
15.729;72;1;463.0;368.2;143.0;128.2;0.4469;0.5344;0.454;0.115;0.1033;0.4273;-178.3;3.15;0.43;364.3
15.761;72;1;462.8;368.5;142.8;128.5;0.4461;0.5354;0.455;0.115;0.1035;0.4277;179.95;1.6;0.41;364.0
15.793;72;1;462.2;368.5;142.2;128.5;0.4445;0.5354;0.454;0.1145;0.1035;0.4275;-179.99;1.56;1.2;365.5
15.825;72;1;462.5;369.0;142.5;129.0;0.4453;0.5375;0.452;0.1139;0.1032;0.4246;-178.45;1.54;1.21;369.1
15.857;72;1;462.8;369.2;142.8;129.2;0.4461;0.5385;0.451;0.1141;0.1033;0.4243;-179.98;-0.02;1.97;372.0
15.889;72;1;462.5;369.8;142.5;129.8;0.4453;0.5406;0.454;0.1146;0.1045;0.4272;-178.29;3.12;1.23;374.4
15.922;72;1;462.2;369.5;142.2;129.5;0.4445;0.5396;0.455;0.1145;0.1043;0.4275;-179.99;1.56;1.2;373.7
15.954;72;1;461.8;369.0;141.8;129.0;0.443;0.5375;0.454;0.114;0.1038;0.4273;-179.98;1.56;2.0;370.8
15.987;72;1;461.8;368.2;141.8;128.2;0.443;0.5344;0.457;0.1148;0.1039;0.4303;-179.96;3.33;2.0;367.0
16.017;72;1;461.2;367.5;141.2;127.5;0.4414;0.5312;0.457;0.1144;0.1034;0.4302;-178.29;3.24;1.64;361.5
16.049;72;1;461.5;366.2;141.5;126.2;0.4422;0.526;0.457;0.1146;0.1023;0.4303;179.95;1.64;2.42;357.8
16.098;72;1;461.5;365.8;141.5;125.8;0.4422;0.524;0.46;0.1153;0.1027;0.4331;-178.25;3.25;2.05;358.3
16.133;72;1;461.5;364.8;141.5;124.8;0.4422;0.5198;0.46;0.1153;0.1018;0.4331;-178.26;3.27;2.06;359.9
16.161;72;1;461.8;364.5;141.8;124.5;0.443;0.5188;0.463;0.1163;0.1023;0.436;-178.2;3.25;2.48;355.5
16.194;72;1;462.2;364.8;142.2;124.8;0.4445;0.5198;0.463;0.1168;0.1026;0.4364;179.99;3.43;2.04;355.0
16.226;72;1;462.2;364.8;142.2;124.8;0.4445;0.5198;0.463;0.1168;0.1026;0.4364;179.99;3.43;2.04;356.6
16.257;72;1;462.2;365.5;142.2;125.5;0.4445;0.5229;0.46;0.1161;0.1024;0.4333;179.99;1.6;2.03;354.1
16.289;72;1;462.0;365.5;142.0;125.5;0.4437;0.5229;0.46;0.1159;0.1024;0.4332;-180.0;-0.0;2.42;353.6
16.321;72;1;461.8;365.5;141.8;125.5;0.443;0.5229;0.463;0.1164;0.1032;0.4363;-178.25;3.27;1.66;354.3
16.353;72;1;461.2;364.0;141.2;124.0;0.4414;0.5167;0.463;0.116;0.1019;0.4362;-178.19;3.26;1.67;351.8
16.385;72;1;461.8;363.8;141.8;123.8;0.443;0.5156;0.463;0.1165;0.1018;0.4367;179.93;3.49;1.23;349.6
16.416;72;1;461.5;362.2;141.5;122.2;0.4422;0.5094;0.463;0.1163;0.1006;0.4367;179.92;1.69;1.64;350.1
16.449;72;1;461.5;360.2;141.5;120.2;0.4422;0.501;0.463;0.1163;0.0989;0.4367;179.91;1.7;1.65;350.1
16.482;72;1;461.0;358.5;141.0;118.5;0.4406;0.4938;0.462;0.1159;0.0975;0.4366;-178.38;1.71;2.06;347.5
16.512;72;1;460.0;356.2;140.0;116.2;0.4375;0.4844;0.465;0.1158;0.0963;0.4395;-178.23;3.51;2.1;347.0
16.546;72;1;459.8;354.8;139.8;114.8;0.4367;0.4781;0.464;0.1156;0.095;0.4393;-178.32;1.76;3.3;346.9
16.577;72;1;459.8;353.5;139.8;113.5;0.4367;0.4729;0.46;0.1148;0.0933;0.4361;-178.29;0.07;3.22;350.0
16.61;72;1;459.8;352.0;139.8;112.0;0.4367;0.4667;0.463;0.1155;0.0927;0.4391;-176.66;1.73;3.72;349.1
16.658;72;1;459.8;350.2;139.8;110.2;0.4367;0.4594;0.46;0.1148;0.0907;0.4361;-176.72;0.14;3.62;347.7
16.689;72;1;460.0;349.0;140.0;109.0;0.4375;0.4542;0.457;0.1143;0.0891;0.4333;-176.74;0.18;3.19;344.0
16.721;72;1;460.8;347.8;140.8;107.8;0.4398;0.449;0.456;0.1147;0.088;0.4329;-175.07;1.65;3.29;343.8
16.753;72;1;461.2;347.0;141.2;107.0;0.4414;0.4458;0.457;0.1153;0.0875;0.4335;-176.7;1.83;2.86;344.6
16.785;72;1;462.2;346.5;142.2;106.5;0.4445;0.4437;0.453;0.1152;0.0862;0.4294;-178.03;-2.85;3.77;345.8
16.817;72;1;462.2;346.2;142.2;106.2;0.4445;0.4427;0.45;0.1145;0.0855;0.427;-178.19;-1.4;3.06;344.7
16.849;72;1;462.5;346.5;142.5;106.5;0.4453;0.4437;0.453;0.1154;0.0863;0.4298;-178.21;-1.38;3.48;344.8
16.881;72;1;461.8;347.5;141.8;107.5;0.443;0.4479;0.45;0.114;0.0864;0.4267;-179.75;-1.6;2.71;345.4
16.914;72;1;461.0;348.2;141.0;108.2;0.4406;0.451;0.456;0.1149;0.0881;0.4325;178.29;-0.3;2.88;346.6
16.945;72;1;461.0;349.0;141.0;109.0;0.4406;0.4542;0.452;0.1139;0.088;0.4287;178.68;-1.91;3.59;347.8
16.977;72;1;460.2;349.2;140.2;109.2;0.4383;0.4552;0.457;0.1144;0.0891;0.433;177.96;1.52;2.51;347.3
17.009;72;1;460.2;349.2;140.2;109.2;0.4383;0.4552;0.457;0.1144;0.0891;0.433;177.96;1.52;2.51;353.5
17.042;72;1;460.8;348.2;140.8;108.2;0.4398;0.451;0.451;0.1135;0.0871;0.4274;177.65;-3.87;2.78;358.5
17.074;72;1;461.0;346.5;141.0;106.5;0.4406;0.4437;0.457;0.1151;0.0869;0.4332;-180.0;-0.0;2.42;359.7
17.105;72;1;462.8;344.5;142.8;104.5;0.4461;0.4354;0.459;0.117;0.0856;0.4352;178.27;-0.34;3.31;358.2
17.138;72;1;463.8;343.5;143.8;103.5;0.4492;0.4313;0.459;0.1179;0.0848;0.4352;178.29;-0.35;3.31;362.0
17.17;72;1;465.2;341.5;145.2;101.5;0.4539;0.4229;0.459;0.1191;0.0832;0.4352;178.3;-0.38;3.31;358.8
17.217;72;1;466.0;339.8;146.0;99.8;0.4562;0.4156;0.456;0.1192;0.0813;0.4329;177.25;-2.53;4.11;357.1
17.249;72;1;467.2;338.8;147.2;98.8;0.4602;0.4115;0.456;0.12;0.0803;0.4321;177.87;-3.99;4.37;358.7
17.282;72;1;468.5;337.5;148.5;97.5;0.4641;0.4062;0.453;0.1203;0.0788;0.4295;177.14;-5.83;5.09;358.7
17.313;72;1;468.8;337.5;148.8;97.5;0.4648;0.4062;0.454;0.1207;0.0789;0.4302;176.53;-4.53;4.86;356.6
17.346;72;1;470.0;337.2;150.0;97.2;0.4688;0.4052;0.456;0.1222;0.0791;0.4322;177.4;-2.56;4.89;358.6
17.377;72;1;471.2;337.8;151.2;97.8;0.4727;0.4073;0.458;0.1237;0.0797;0.4337;175.9;-3.16;5.04;356.0
17.409;72;1;472.0;338.2;152.0;98.2;0.475;0.4094;0.457;0.1241;0.08;0.4329;176.58;-4.5;5.29;354.7
17.441;72;1;473.0;339.5;153.0;99.5;0.4781;0.4146;0.454;0.124;0.0804;0.4295;177.19;-5.69;5.09;354.8
17.473;72;1;474.2;340.5;154.2;100.5;0.482;0.4188;0.455;0.1252;0.0814;0.4303;176.62;-4.39;4.85;358.0
17.506;72;1;475.2;342.0;155.2;102.0;0.4852;0.425;0.454;0.1255;0.0823;0.4286;178.45;-5.08;4.18;358.4
17.537;72;1;475.5;343.0;155.5;103.0;0.4859;0.4292;0.454;0.1256;0.083;0.4279;178.9;-6.28;4.43;354.8
17.569;72;1;474.2;344.2;154.2;104.2;0.482;0.4344;0.451;0.1238;0.0835;0.4253;178.84;-6.24;4.02;355.7
17.601;72;1;471.5;345.0;151.5;105.0;0.4734;0.4375;0.452;0.122;0.0845;0.4271;179.62;-4.65;4.12;358.3
17.633;72;1;469.0;345.2;149.0;105.2;0.4656;0.4385;0.455;0.1208;0.0853;0.4301;179.19;-3.37;5.08;360.9
17.665;72;1;467.0;344.8;147.0;104.8;0.4594;0.4365;0.454;0.119;0.0847;0.4294;179.22;-3.41;5.88;365.3
17.729;72;1;462.2;342.8;142.2;102.8;0.4445;0.4281;0.456;0.116;0.0838;0.4327;-179.97;-0.02;7.67;364.3
17.777;72;1;460.2;340.5;140.2;100.5;0.4383;0.4188;0.458;0.1151;0.0825;0.436;179.81;1.79;7.79;363.3
17.808;72;1;458.8;338.2;138.8;98.2;0.4336;0.4094;0.46;0.1145;0.0811;0.4385;179.51;3.97;8.7;362.6
17.816;72;1;458.8;338.2;138.8;98.2;0.4336;0.4094;0.46;0.1145;0.0811;0.4385;179.51;3.97;8.7;364.3
17.84;72;1;456.8;336.0;136.8;96.0;0.4273;0.4;0.459;0.1127;0.0793;0.4382;-178.34;4.15;9.11;364.9
17.873;72;1;455.2;333.5;135.2;93.5;0.4227;0.3896;0.46;0.1119;0.0773;0.4392;179.76;1.91;10.34;364.9
17.905;72;1;454.2;331.8;134.2;91.8;0.4195;0.3823;0.463;0.1118;0.0765;0.4427;179.39;4.26;10.47;364.3
17.937;72;1;452.8;330.8;132.8;90.8;0.4148;0.3781;0.463;0.1106;0.0756;0.4428;179.32;4.36;10.47;367.1
17.969;72;1;452.2;330.2;132.2;90.2;0.4133;0.376;0.461;0.1099;0.075;0.4416;179.31;4.38;11.28;371.3
18.001;72;1;452.2;330.0;132.2;90.0;0.4133;0.375;0.458;0.1091;0.0743;0.4382;179.6;2.03;11.16;371.0
18.032;72;1;452.2;330.2;132.2;90.2;0.4133;0.376;0.457;0.1091;0.0744;0.4378;177.56;1.49;10.81;370.9
18.065;72;1;452.5;330.8;132.5;90.8;0.4141;0.3781;0.459;0.1096;0.0752;0.4397;-178.21;4.35;10.39;373.5
18.128;72;1;453.8;332.0;133.8;92.0;0.418;0.3833;0.458;0.1103;0.0759;0.4381;179.75;1.93;11.14;373.4
18.16;72;1;454.8;332.5;134.8;92.5;0.4211;0.3854;0.46;0.1115;0.0765;0.4394;179.62;1.99;10.35;373.8
18.193;72;1;455.2;333.2;135.2;93.2;0.4227;0.3885;0.458;0.1115;0.0768;0.4379;177.64;1.47;10.81;377.3
18.225;72;1;456.2;333.8;136.2;93.8;0.4258;0.3906;0.457;0.1119;0.077;0.4359;-179.97;-0.01;10.19;376.9
18.256;72;1;457.0;334.8;137.0;94.8;0.4281;0.3948;0.462;0.1136;0.0787;0.4408;-178.31;4.16;9.58;375.2
18.289;72;1;457.0;335.2;137.0;95.2;0.4281;0.3969;0.462;0.1136;0.0791;0.4408;-178.3;4.16;9.58;375.1
18.321;72;1;457.2;335.5;137.2;95.5;0.4289;0.3979;0.458;0.113;0.0787;0.437;-178.22;0.24;9.77;377.4
18.369;72;1;457.8;336.0;137.8;96.0;0.4305;0.4;0.459;0.1134;0.0793;0.4374;-174.46;3.64;9.17;377.8
18.401;72;1;458.2;336.2;138.2;96.2;0.432;0.401;0.462;0.1146;0.0799;0.4402;-178.3;2.06;9.92;383.0
18.418;72;1;458.2;336.2;138.2;96.2;0.432;0.401;0.462;0.1146;0.0799;0.4402;-178.3;2.06;9.92;384.5
18.434;72;1;458.8;336.2;138.8;96.2;0.4336;0.401;0.462;0.115;0.0799;0.4403;-178.37;2.09;9.92;383.9
18.465;72;1;459.8;336.0;139.8;96.0;0.4367;0.4;0.461;0.1156;0.0796;0.4396;-176.41;2.03;10.32;384.2
18.529;72;1;461.8;336.2;141.8;96.2;0.443;0.401;0.459;0.1166;0.0793;0.4367;-176.54;0.34;10.15;387.1
18.562;72;1;462.2;336.8;142.2;96.8;0.4445;0.4031;0.459;0.117;0.0797;0.4367;-176.56;0.33;10.15;391.6
18.593;72;1;462.5;337.2;142.5;97.2;0.4453;0.4052;0.459;0.1171;0.08;0.4361;-176.52;-1.25;10.43;388.5
18.625;72;1;463.5;338.0;143.5;98.0;0.4484;0.4083;0.458;0.1177;0.0804;0.4352;-178.1;-1.38;10.85;388.6
18.657;72;1;463.8;338.5;143.8;98.5;0.4492;0.4104;0.453;0.1166;0.08;0.4302;-175.09;-2.59;10.15;388.5
18.689;72;1;463.8;338.5;143.8;98.5;0.4492;0.4104;0.456;0.1174;0.0806;0.4336;-176.58;-1.22;9.96;387.9
18.721;72;1;463.5;339.5;143.5;99.5;0.4484;0.4146;0.459;0.1179;0.0819;0.4361;-176.64;0.33;8.08;389.1
18.754;72;1;463.0;340.5;143.0;100.5;0.4469;0.4188;0.457;0.1171;0.0823;0.4345;-178.13;-1.38;5.93;389.5
18.785;72;1;462.8;340.8;142.8;100.8;0.4461;0.4198;0.458;0.117;0.0825;0.4346;-179.39;-3.14;4.25;385.0
18.817;72;1;463.0;340.8;143.0;100.8;0.4469;0.4198;0.457;0.1169;0.0824;0.4338;-178.32;0.22;1.98;382.5
18.849;72;1;463.8;339.5;143.8;99.5;0.4492;0.4146;0.456;0.1174;0.0812;0.4331;-179.67;-1.63;0.31;381.9
18.882;72;1;464.2;339.0;144.2;99.0;0.4508;0.4125;0.456;0.1177;0.0807;0.4328;-179.66;-1.63;-2.12;381.2
18.93;72;1;465.0;338.5;145.0;98.5;0.4531;0.4104;0.454;0.1179;0.0801;0.4314;-179.28;-3.13;-4.25;378.7
18.961;72;1;465.2;337.2;145.2;97.2;0.4539;0.4052;0.458;0.1192;0.0797;0.4354;178.73;-2.05;-6.52;374.3
18.993;72;1;465.5;337.0;145.5;97.0;0.4547;0.4042;0.459;0.1194;0.0795;0.4355;178.78;-2.08;-9.39;374.4
19.025;72;1;465.5;335.2;145.5;95.2;0.4547;0.3969;0.46;0.1198;0.0784;0.4371;178.25;-0.44;-10.97;373.8
19.057;72;1;465.2;333.5;145.2;93.5;0.4539;0.3896;0.456;0.1186;0.0763;0.4333;-179.66;-1.58;-13.55;374.3
19.089;72;1;465.0;331.8;145.0;91.8;0.4531;0.3823;0.46;0.1195;0.0757;0.4374;-178.31;0.33;-15.3;374.2
19.122;72;1;463.8;330.8;143.8;90.8;0.4492;0.3781;0.458;0.1181;0.0744;0.4357;177.91;-4.37;-15.29;378.7
19.153;72;1;463.0;329.2;143.0;89.2;0.4469;0.3719;0.458;0.1177;0.0733;0.4365;179.41;-3.77;-17.12;376.8
19.185;72;1;462.2;328.0;142.2;88.0;0.4445;0.3667;0.459;0.1174;0.0727;0.4381;-178.31;0.42;-19.17;376.1
19.217;72;1;461.0;327.5;141.0;87.5;0.4406;0.3646;0.459;0.1165;0.0722;0.4384;178.8;-2.28;-20.47;380.1
19.249;72;1;460.5;325.8;140.5;85.8;0.4391;0.3573;0.46;0.1164;0.0709;0.4395;177.13;-3.06;-21.72;382.9
19.281;72;1;459.2;324.5;139.2;84.5;0.4352;0.3521;0.458;0.1149;0.0697;0.4377;-179.57;-1.67;-22.29;384.1
19.313;72;1;458.5;324.0;138.5;84.0;0.4328;0.35;0.458;0.1143;0.0693;0.4382;179.97;0.05;-24.38;383.6
19.345;72;1;457.2;323.2;137.2;83.2;0.4289;0.3469;0.459;0.1137;0.069;0.4397;179.99;0.02;-24.92;383.6
19.377;72;1;456.8;323.0;136.8;83.0;0.4273;0.3458;0.457;0.1129;0.0684;0.4378;179.51;-4.03;-24.63;380.1
19.41;72;1;456.2;322.8;136.2;82.8;0.4258;0.3448;0.459;0.1128;0.0684;0.4393;178.77;-2.39;-25.41;376.6
19.44;72;1;455.8;323.0;135.8;83.0;0.4242;0.3458;0.46;0.1127;0.0688;0.4406;178.08;-0.57;-26.24;373.7
19.489;72;1;455.5;323.8;135.5;83.8;0.4234;0.349;0.46;0.1126;0.0694;0.4409;177.01;-3.21;-25.38;373.5
19.521;72;1;455.5;324.2;135.5;84.2;0.4234;0.351;0.456;0.1116;0.0692;0.4367;179.46;-4.01;-25.9;373.8
19.553;72;1;455.5;325.0;135.5;85.0;0.4234;0.3542;0.46;0.1126;0.0705;0.4408;178.75;-2.39;-25.95;374.1
19.585;72;1;455.2;325.2;135.2;85.2;0.4227;0.3552;0.459;0.112;0.0705;0.4393;178.75;-2.4;-25.4;376.4
19.617;72;1;455.8;325.8;135.8;85.8;0.4242;0.3573;0.459;0.1124;0.0709;0.4394;178.77;-2.38;-25.4;375.1
19.649;72;1;456.2;325.5;136.2;85.5;0.4258;0.3563;0.459;0.1127;0.0707;0.439;-179.57;-1.7;-25.93;372.7
19.68;72;1;456.2;325.5;136.2;85.5;0.4258;0.3563;0.459;0.1127;0.0707;0.439;-179.57;-1.7;-25.93;372.5
19.713;72;1;456.0;325.8;136.0;85.8;0.425;0.3573;0.459;0.1127;0.0709;0.4395;179.43;-4.0;-25.16;372.6
19.744;72;1;456.2;325.5;136.2;85.5;0.4258;0.3563;0.459;0.1127;0.0707;0.439;-179.57;-1.7;-25.93;368.8
19.776;72;1;456.2;325.8;136.2;85.8;0.4258;0.3573;0.459;0.1128;0.0709;0.4394;178.74;-2.35;-25.4;373.3
19.809;72;1;456.2;325.5;136.2;85.5;0.4258;0.3563;0.463;0.1138;0.0714;0.4434;178.08;-0.55;-25.5;375.4
19.84;72;1;456.2;325.2;136.2;85.2;0.4258;0.3552;0.463;0.1136;0.0711;0.4427;179.99;0.02;-26.01;372.3
19.872;72;1;456.2;325.0;136.2;85.0;0.4258;0.3542;0.463;0.1138;0.0709;0.4435;178.01;-0.47;-25.51;373.3
19.905;72;1;456.2;325.0;136.2;85.0;0.4258;0.3542;0.463;0.1138;0.0709;0.4435;178.01;-0.47;-25.51;375.7
19.937;72;1;456.2;325.0;136.2;85.0;0.4258;0.3542;0.463;0.1138;0.0709;0.4435;178.01;-0.47;-25.51;379.5
19.969;72;1;456.2;325.0;136.2;85.0;0.4258;0.3542;0.463;0.1138;0.0709;0.4435;178.01;-0.47;-25.51;375.9
20.001;72;1;456.2;325.5;136.2;85.5;0.4258;0.3563;0.463;0.1138;0.0714;0.4434;178.08;-0.55;-25.5;376.8
20.034;72;1;456.2;325.5;136.2;85.5;0.4258;0.3563;0.463;0.1138;0.0714;0.4434;178.08;-0.55;-25.5;376.2
20.081;72;1;456.2;325.8;136.2;85.8;0.4258;0.3573;0.464;0.1139;0.0715;0.4436;176.08;-1.34;-24.93;373.4
20.114;72;1;456.8;325.2;136.8;85.2;0.4273;0.3552;0.462;0.1139;0.0709;0.442;178.74;-2.36;-24.66;373.1
20.146;72;1;456.8;324.8;136.8;84.8;0.4273;0.3531;0.462;0.1139;0.0705;0.442;178.77;-2.4;-24.66;372.6
20.177;72;1;456.8;323.8;136.8;83.8;0.4273;0.349;0.462;0.114;0.0698;0.4423;179.99;0.02;-24.17;369.9
20.209;72;1;456.2;324.0;136.2;84.0;0.4258;0.35;0.463;0.1137;0.0702;0.4433;179.63;1.97;-25.04;370.2
20.242;72;1;455.5;324.2;135.5;84.2;0.4234;0.351;0.459;0.1124;0.0698;0.44;-179.52;-1.79;-24.64;367.7
20.273;72;1;455.5;325.2;135.5;85.2;0.4234;0.3552;0.461;0.1128;0.0707;0.4414;176.35;-5.72;-23.24;364.3
